Series Name,Series Code,Country Name,Country Code,1991 [YR1991],1992 [YR1992],1993 [YR1993],1994 [YR1994],1995 [YR1995],1996 [YR1996],1997 [YR1997],1998 [YR1998],2003 [YR2003],2004 [YR2004],2005 [YR2005],2006 [YR2006],2007 [YR2007],2008 [YR2008],2009 [YR2009],2010 [YR2010],2011 [YR2011],2016 [YR2016],2017 [YR2017],2018 [YR2018],2019 [YR2019],2020 [YR2020]
"Unemployment, total (% of total labor force) (modeled ILO estimate)",SL.UEM.TOTL.ZS,Afghanistan,AFG,8.07,8.011,7.888,7.822,7.817,7.867,7.863,7.89,7.88,7.899,7.885,7.914,7.817,7.878,7.754,7.753,7.784,10.133,11.184,11.196,11.185,11.71
"Unemployment, total (% of total labor force) (modeled ILO estimate)",SL.UEM.TOTL.ZS,Albania,ALB,10.304,30.007,25.251,20.835,14.607,13.928,16.872,20.042,16.985,16.306,15.966,15.626,15.966,13.06,13.674,14.086,13.481,15.418,13.616,12.304,11.466,11.69
"Unemployment, total (% of total labor force) (modeled ILO estimate)",SL.UEM.TOTL.ZS,Algeria,DZA,20.6,24.38,26.23,27.74,31.84,28.308,25.43,26.853,23.72,17.65,15.27,12.27,13.79,11.33,10.16,9.96,9.96,10.202,12,12.137,12.259,14.057
"Unemployment, total (% of total labor force) (modeled ILO estimate)",SL.UEM.TOTL.ZS,American Samoa,ASM,..,..,..,..,..,..,..,..,..,..,..,..,..,..,..,..,..,..,..,..,..,..
"Unemployment, total (% of total labor force) (modeled ILO estimate)",SL.UEM.TOTL.ZS,Andorra,AND,..,..,..,..,..,..,..,..,..,..,..,..,..,..,..,..,..,..,..,..,..,..
"Unemployment, total (% of total labor force) (modeled ILO estimate)",SL.UEM.TOTL.ZS,Angola,AGO,16.855,16.978,17.399,17.4,16.987,16.275,16.172,16.371,16.498,16.378,16.36,16.206,16.153,16.228,16.431,16.618,16.77,16.575,16.61,16.594,16.497,16.69
"Unemployment, total (% of total labor force) (modeled ILO estimate)",SL.UEM.TOTL.ZS,Antigua and Barbuda,ATG,..,..,..,..,..,..,..,..,..,..,..,..,..,..,..,..,..,..,..,..,..,..
"Unemployment, total (% of total labor force) (modeled ILO estimate)",SL.UEM.TOTL.ZS,Argentina,ARG,5.44,6.36,10.1,11.76,18.8,17.11,14.82,12.65,15.36,13.522,11.506,10.078,8.47,7.837,8.645,7.714,7.18,8.085,8.347,9.22,9.843,11.461
"Unemployment, total (% of total labor force) (modeled ILO estimate)",SL.UEM.TOTL.ZS,Armenia,ARM,1.783,1.8,5.3,6.6,6.7,9.3,10.8,9.4,10.705,10.617,10.54,10.465,10.394,17.1,19.295,19.523,18.884,17.617,17.704,18.966,18.304,18.175
"Unemployment, total (% of total labor force) (modeled ILO estimate)",SL.UEM.TOTL.ZS,Aruba,ABW,..,..,..,..,..,..,..,..,..,..,..,..,..,..,..,..,..,..,..,..,..,..
"Unemployment, total (% of total labor force) (modeled ILO estimate)",SL.UEM.TOTL.ZS,Australia,AUS,9.586,10.733,10.879,9.724,8.473,8.509,8.367,7.684,5.933,5.399,5.036,4.785,4.381,4.242,5.565,5.214,5.083,5.711,5.592,5.3,5.159,6.456
"Unemployment, total (% of total labor force) (modeled ILO estimate)",SL.UEM.TOTL.ZS,Austria,AUT,3.42,3.59,4.25,3.535,4.345,5.282,5.15,5.483,4.779,5.969,5.682,5.32,4.909,4.198,5.371,4.883,4.637,6.064,5.561,4.933,4.56,5.201
"Unemployment, total (% of total labor force) (modeled ILO estimate)",SL.UEM.TOTL.ZS,Azerbaijan,AZE,0.9,1.8,4.5,6.3,7.2,8.1,9.1,10,9.17,7.99,7.26,6.62,6.33,5.86,5.74,5.63,5.42,5,5,4.9,5,7.24
"Unemployment, total (% of total labor force) (modeled ILO estimate)",SL.UEM.TOTL.ZS,"Bahamas, The",BHS,12.17,14.81,12.72,13.83,10.83,11.46,9.76,7.65,10.84,10.2,10.2,7.54,7.88,8.18,14.25,14.432,14.52,12.7,9.8,10,9.336,12.027
"Unemployment, total (% of total labor force) (modeled ILO estimate)",SL.UEM.TOTL.ZS,Bahrain,BHR,1.051,0.971,0.884,1.009,1.047,1.182,1.129,1.117,1.128,1.065,1.021,1.021,1.006,1.014,1.07,1.13,1.21,1.192,1.194,1.2,1.223,1.781
"Unemployment, total (% of total labor force) (modeled ILO estimate)",SL.UEM.TOTL.ZS,Bangladesh,BGD,2.2,2.234,2.311,2.371,2.441,2.51,2.698,2.893,4.32,4.314,4.25,3.591,4.017,4.492,5,3.379,3.736,4.35,4.372,4.407,4.441,5.436
"Unemployment, total (% of total labor force) (modeled ILO estimate)",SL.UEM.TOTL.ZS,Barbados,BRB,22.323,22.94,24.54,22.98,19.66,14.71,14.61,12.4,11,9.57,9.08,8.73,7.41,8.12,10.02,10.69,11.19,8.247,8.622,8.322,8.412,9.777
"Unemployment, total (% of total labor force) (modeled ILO estimate)",SL.UEM.TOTL.ZS,Belarus,BLR,0.6,3.1,8.5,12.8,17.7,24.4,17.1,14,10.215,9.452,8.728,8.024,7.38,6.698,6.1,6.045,6.022,5.844,5.648,4.763,4.165,4.049
"Unemployment, total (% of total labor force) (modeled ILO estimate)",SL.UEM.TOTL.ZS,Belgium,BEL,6.984,6.702,8.078,9.645,9.337,9.483,8.95,9.322,7.68,7.363,8.44,8.246,7.459,6.976,7.908,8.293,7.14,7.83,7.09,5.941,5.364,5.545
"Unemployment, total (% of total labor force) (modeled ILO estimate)",SL.UEM.TOTL.ZS,Belize,BLZ,9.69,9.697,9.78,11.1,12.48,13.82,12.68,14.31,10.343,10.584,10.91,9.39,8.51,8.18,8.328,8.416,8.43,7,6.596,7.896,9.053,10.784
"Unemployment, total (% of total labor force) (modeled ILO estimate)",SL.UEM.TOTL.ZS,Benin,BEN,1.64,1.51,1.495,1.455,1.305,1.246,1.099,1.048,0.747,0.79,0.86,0.889,0.902,0.894,0.949,1.04,2.647,1.784,1.659,1.41,1.214,1.502
"Unemployment, total (% of total labor force) (modeled ILO estimate)",SL.UEM.TOTL.ZS,Bermuda,BMU,..,..,..,..,..,..,..,..,..,..,..,..,..,..,..,..,..,..,..,..,..,..
"Unemployment, total (% of total labor force) (modeled ILO estimate)",SL.UEM.TOTL.ZS,Bhutan,BTN,1.385,1.397,1.433,1.413,1.404,1.392,1.393,1.4,1.8,2.49,3.1,3.13,3.7,3.842,3.96,3.32,3.23,2.705,3.016,3.35,2.72,5.03
"Unemployment, total (% of total labor force) (modeled ILO estimate)",SL.UEM.TOTL.ZS,Bolivia,BOL,2.934,3.031,3.05,3.08,2.661,2.373,2.08,2.121,2.664,2.622,2.603,2.577,2.616,2.603,2.973,2.608,2.255,3.498,3.655,3.519,3.682,7.903
"Unemployment, total (% of total labor force) (modeled ILO estimate)",SL.UEM.TOTL.ZS,Bosnia and Herzegovina,BIH,17.55,18.5,19.454,20.383,21.078,21.725,22.378,23.295,28.447,29.276,30.227,31.11,28.984,23.405,24.068,27.312,27.582,25.408,20.527,18.4,15.692,15.868
"Unemployment, total (% of total labor force) (modeled ILO estimate)",SL.UEM.TOTL.ZS,Botswana,BWA,13.82,16.326,18.759,21.2,21.394,21.593,21.048,20.86,23.8,21.758,19.847,17.782,16.998,16.328,16.169,17.86,18.054,19.329,19.664,19.681,20.094,21.017
"Unemployment, total (% of total labor force) (modeled ILO estimate)",SL.UEM.TOTL.ZS,Brazil,BRA,6.894,7.086,6.03,6.578,7.092,8.035,9.003,10.15,11.168,10.072,10.551,9.692,9.28,8.268,9.419,8.422,7.578,11.58,12.792,12.329,11.936,13.697
"Unemployment, total (% of total labor force) (modeled ILO estimate)",SL.UEM.TOTL.ZS,British Virgin Islands,VGB,..,..,..,..,..,..,..,..,..,..,..,..,..,..,..,..,..,..,..,..,..,..
"Unemployment, total (% of total labor force) (modeled ILO estimate)",SL.UEM.TOTL.ZS,Brunei Darussalam,BRN,4.7,4.711,4.806,4.892,4.982,5.035,5.186,5.347,5.663,5.786,5.931,5.997,6.091,6.216,6.411,6.455,6.442,8.574,9.316,8.7,6.6,7.409
"Unemployment, total (% of total labor force) (modeled ILO estimate)",SL.UEM.TOTL.ZS,Bulgaria,BGR,11.1,15.3,16.4,12.8,11.1,12.5,13.7,12.2,13.733,12.037,10.083,8.951,6.878,5.609,6.817,10.279,11.26,7.575,6.164,5.211,4.23,5.125
"Unemployment, total (% of total labor force) (modeled ILO estimate)",SL.UEM.TOTL.ZS,Burkina Faso,BFA,2.477,2.511,2.438,2.58,2.533,2.451,2.416,2.44,2.78,3.473,4,3.669,3.3,3.496,3.711,3.723,3.827,4.587,4.656,4.695,4.71,5.04
"Unemployment, total (% of total labor force) (modeled ILO estimate)",SL.UEM.TOTL.ZS,Burundi,BDI,3.158,3.133,3.08,3.095,3.077,3.076,3.116,3.159,3.134,3.177,3.153,3.185,2.401,1.634,1.621,1.616,1.602,1.347,1.247,1.146,1.043,1.03
"Unemployment, total (% of total labor force) (modeled ILO estimate)",SL.UEM.TOTL.ZS,Cabo Verde,CPV,13.535,13.448,13.314,13.016,12.969,12.934,13.078,13.117,13.592,13.465,13.45,13.397,13.323,13.335,13.517,10.67,10.948,12.077,12.24,12.17,12.128,14.69
"Unemployment, total (% of total labor force) (modeled ILO estimate)",SL.UEM.TOTL.ZS,Cambodia,KHM,0.781,0.76,0.745,0.995,0.974,0.963,0.638,0.71,0.909,1.003,1.064,1.152,1.257,0.825,0.579,0.771,0.577,0.716,0.141,0.13,0.119,0.172
"Unemployment, total (% of total labor force) (modeled ILO estimate)",SL.UEM.TOTL.ZS,Cameroon,CMR,8.936,8.999,9.089,8.83,8.566,8.06,7.864,7.702,5.908,5.091,4.4,3.729,3.063,3.387,3.744,4.11,3.987,3.528,3.568,3.601,3.622,3.87
"Unemployment, total (% of total labor force) (modeled ILO estimate)",SL.UEM.TOTL.ZS,Canada,CAN,10.316,11.197,11.377,10.395,9.489,9.62,9.1,8.278,7.574,7.185,6.758,6.484,6.156,6.284,8.46,8.178,7.637,7.038,6.426,5.837,5.69,9.657
"Unemployment, total (% of total labor force) (modeled ILO estimate)",SL.UEM.TOTL.ZS,Cayman Islands,CYM,..,..,..,..,..,..,..,..,..,..,..,..,..,..,..,..,..,..,..,..,..,..
"Unemployment, total (% of total labor force) (modeled ILO estimate)",SL.UEM.TOTL.ZS,Central African Republic,CAF,5.334,5.455,5.521,5.551,5.51,5.488,5.449,5.421,5.433,5.352,5.314,5.235,5.191,5.139,5.202,5.291,5.281,5.491,5.534,5.517,5.607,6.196
"Unemployment, total (% of total labor force) (modeled ILO estimate)",SL.UEM.TOTL.ZS,Chad,TCD,0.674,0.664,0.7,0.709,0.749,0.703,0.732,0.727,0.732,0.685,0.678,0.724,0.834,0.906,0.906,0.878,0.905,1.047,1.116,1.135,1.084,1.707
"Unemployment, total (% of total labor force) (modeled ILO estimate)",SL.UEM.TOTL.ZS,Channel Islands,CHI,5.861,6.316,7.299,7.46,7.2,7.125,6.912,6.498,5.842,6.047,6.028,5.762,5.414,5.478,6.874,7.225,7.457,7.715,7.12,6.571,6.408,6.863
"Unemployment, total (% of total labor force) (modeled ILO estimate)",SL.UEM.TOTL.ZS,Chile,CHL,5.23,4.35,4.49,5.87,4.7,7.414,7.136,7.307,9.765,10.162,9.34,9.024,8.427,9.285,11.313,8.278,7.277,6.673,7.257,7.623,7.493,10.934
"Unemployment, total (% of total labor force) (modeled ILO estimate)",SL.UEM.TOTL.ZS,China,CHN,2.37,2.37,2.69,2.9,3,3.12,3.23,3.24,4.58,4.49,4.52,4.43,4.35,4.59,4.72,4.53,4.55,4.56,4.47,4.31,4.56,5
"Unemployment, total (% of total labor force) (modeled ILO estimate)",SL.UEM.TOTL.ZS,Colombia,COL,10.12,9.44,7.8,8.25,8.72,11.81,12.14,15,13.221,13.717,11.062,11.091,11.204,11.273,12.066,11.153,10.288,8.922,9.086,9.36,10.28,15.983
"Unemployment, total (% of total labor force) (modeled ILO estimate)",SL.UEM.TOTL.ZS,Comoros,COM,4.805,4.532,4.576,4.57,4.681,4.781,4.564,4.617,4.559,4.571,4.522,4.473,4.46,4.398,4.348,4.248,4.207,4.104,4.03,3.942,3.934,4.471
"Unemployment, total (% of total labor force) (modeled ILO estimate)",SL.UEM.TOTL.ZS,"Congo, Dem. Rep.",COD,3.267,3.36,3.433,3.389,3.276,3.153,3.166,3.188,3.053,2.975,2.948,3.174,3.403,3.627,3.88,4.096,4.315,4.521,4.601,4.618,4.591,5.345
"Unemployment, total (% of total labor force) (modeled ILO estimate)",SL.UEM.TOTL.ZS,"Congo, Rep.",COG,19.917,19.92,19.985,20.232,20.192,20.033,19.886,19.895,19.871,19.886,19.796,19.587,19.894,19.94,19.833,19.345,19.464,20.223,20.611,20.701,20.392,22.198
"Unemployment, total (% of total labor force) (modeled ILO estimate)",SL.UEM.TOTL.ZS,Costa Rica,CRI,5.37,3.93,3.95,4.05,5.18,6.16,5.68,5.33,6.654,6.445,6.749,5.926,4.557,4.934,7.824,7.171,9.518,8.085,7.729,9.01,10.807,16.432
"Unemployment, total (% of total labor force) (modeled ILO estimate)",SL.UEM.TOTL.ZS,Cote d'Ivoire,CIV,6.603,6.7,5.866,5.041,4.1,4.043,3.973,4.1,5.805,5.883,5.999,6.009,6.272,6.379,6.571,6.618,7.135,1.896,3.272,2.85,2.401,2.584
"Unemployment, total (% of total labor force) (modeled ILO estimate)",SL.UEM.TOTL.ZS,Croatia,HRV,11.14,10.914,10.794,10.45,10.108,9.68,9.71,11.392,13.924,13.664,12.598,11.13,9.909,8.53,9.202,11.62,13.678,13.103,11.208,8.432,6.617,7.507
"Unemployment, total (% of total labor force) (modeled ILO estimate)",SL.UEM.TOTL.ZS,Cuba,CUB,8.311,8.778,9.261,8.801,8.27,7.61,7.1,6.23,2.33,1.854,1.95,1.913,1.788,1.583,1.67,2.5,3.18,2,1.7,1.7,1.705,2.24
"Unemployment, total (% of total labor force) (modeled ILO estimate)",SL.UEM.TOTL.ZS,Curacao,CUW,..,..,..,..,..,..,..,..,..,..,..,..,..,..,..,..,..,..,..,..,..,..
"Unemployment, total (% of total labor force) (modeled ILO estimate)",SL.UEM.TOTL.ZS,Cyprus,CYP,3,2.09,2.7,2.7,2.6,3.1,3.4,3.3,4.153,4.77,5.481,4.593,3.946,3.756,5.594,6.359,7.942,13.006,11.155,8.504,7.155,7.755
"Unemployment, total (% of total labor force) (modeled ILO estimate)",SL.UEM.TOTL.ZS,Czechia,CZE,2.27,2.6,4.349,4.284,4.082,3.852,4.674,6.455,7.777,8.298,7.927,7.141,5.316,4.392,6.662,7.281,6.712,3.952,2.893,2.246,2.015,2.55
"Unemployment, total (% of total labor force) (modeled ILO estimate)",SL.UEM.TOTL.ZS,Denmark,DNK,9.099,9.027,10.719,8.036,6.992,6.844,5.4,5.039,5.398,5.204,4.83,3.897,3.801,3.683,6.409,7.746,7.769,5.989,5.833,5.131,5.018,5.637
"Unemployment, total (% of total labor force) (modeled ILO estimate)",SL.UEM.TOTL.ZS,Djibouti,DJI,25.669,25.985,26.728,27.103,27.279,27.153,27.156,27.013,26.488,26.446,26.452,26.387,26.3,26.194,26.33,26.371,26.314,25.992,26.064,26.184,26.256,27.713
"Unemployment, total (% of total labor force) (modeled ILO estimate)",SL.UEM.TOTL.ZS,Dominica,DMA,..,..,..,..,..,..,..,..,..,..,..,..,..,..,..,..,..,..,..,..,..,..
"Unemployment, total (% of total labor force) (modeled ILO estimate)",SL.UEM.TOTL.ZS,Dominican Republic,DOM,6.907,6.7,6.331,6.29,6.45,6.496,6.324,6.301,6.938,6.303,6.587,5.654,5.158,4.764,5.467,5.212,6.087,7.284,5.832,5.861,6.356,6.126
"Unemployment, total (% of total labor force) (modeled ILO estimate)",SL.UEM.TOTL.ZS,Ecuador,ECU,4.385,4.346,4.415,4.419,4.417,4.43,4.431,4.395,5.662,5.002,3.779,3.55,3.142,3.917,4.608,4.088,3.458,4.597,3.836,3.53,3.812,6.127
"Unemployment, total (% of total labor force) (modeled ILO estimate)",SL.UEM.TOTL.ZS,"Egypt, Arab Rep.",EGY,9.38,8.92,10.92,10.93,11.04,9,8.37,8.03,10.91,10.32,11.049,10.49,8.8,8.517,9.087,8.757,11.849,12.45,11.767,9.855,7.851,7.974
"Unemployment, total (% of total labor force) (modeled ILO estimate)",SL.UEM.TOTL.ZS,El Salvador,SLV,7.53,7.88,9.94,7.68,7.65,7.68,7.98,7.1,6.9,6.8,7.22,6.57,6.41,5.88,7.33,4.893,4.297,4.418,4.385,4.006,4.17,5.008
"Unemployment, total (% of total labor force) (modeled ILO estimate)",SL.UEM.TOTL.ZS,Equatorial Guinea,GNQ,7.25,7.45,7.594,7.699,7.738,7.792,7.832,7.886,8.11,8.03,8.008,7.924,7.877,7.831,7.939,8.07,8.045,7.962,8.004,7.967,8.064,8.781
"Unemployment, total (% of total labor force) (modeled ILO estimate)",SL.UEM.TOTL.ZS,Eritrea,ERI,5.097,5.256,5.33,5.385,5.266,5.215,5.328,5.441,5.679,5.569,5.579,5.566,5.575,5.524,5.583,5.675,5.614,5.554,5.577,5.511,5.552,6.088
"Unemployment, total (% of total labor force) (modeled ILO estimate)",SL.UEM.TOTL.ZS,Estonia,EST,1.468,3.681,6.544,7.561,9.659,9.915,10.369,9.51,11.288,10.248,8.033,5.915,4.592,5.455,13.548,16.707,12.328,6.882,5.807,5.412,4.514,6.956
"Unemployment, total (% of total labor force) (modeled ILO estimate)",SL.UEM.TOTL.ZS,Eswatini,SWZ,20.684,21.052,21.75,21.717,21.65,22.074,22.5,23.195,26.216,26.69,27.204,27.69,28.24,27.835,27.383,26.736,25.987,22.718,24.523,26.369,28.138,32.944
"Unemployment, total (% of total labor force) (modeled ILO estimate)",SL.UEM.TOTL.ZS,Ethiopia,ETH,3.264,3.379,3.235,3.1,3.029,3.146,3.255,3.494,2.995,2.767,2.497,2.351,2.347,2.335,2.331,2.3,2.275,2.554,2.662,2.802,2.917,3.994
"Unemployment, total (% of total labor force) (modeled ILO estimate)",SL.UEM.TOTL.ZS,Faroe Islands,FRO,..,..,..,..,..,..,..,..,..,..,..,..,..,..,..,..,..,..,..,..,..,..
"Unemployment, total (% of total labor force) (modeled ILO estimate)",SL.UEM.TOTL.ZS,Fiji,FJI,4.633,4.653,4.702,4.611,4.66,4.633,4.728,4.747,4.738,4.7,3.886,3.958,4.106,4.185,4.305,4.343,4.406,4.319,4.324,4.335,4.373,4.649
"Unemployment, total (% of total labor force) (modeled ILO estimate)",SL.UEM.TOTL.ZS,Finland,FIN,6.503,11.595,16.201,16.426,17.005,15.572,14.967,13.214,10.469,10.358,9.602,8.935,6.854,6.369,8.249,8.394,7.781,8.818,8.64,7.361,6.695,7.759
"Unemployment, total (% of total labor force) (modeled ILO estimate)",SL.UEM.TOTL.ZS,France,FRA,9.134,10.203,11.32,12.593,11.834,12.367,12.566,12.074,8.306,8.914,8.882,8.832,8.008,7.386,9.122,9.279,9.228,10.057,9.409,9.018,8.415,8.009
"Unemployment, total (% of total labor force) (modeled ILO estimate)",SL.UEM.TOTL.ZS,French Polynesia,PYF,11.592,11.731,11.786,11.998,11.957,11.934,11.877,11.797,11.753,11.701,11.722,11.769,11.74,11.759,11.97,12.145,12.274,11.715,11.573,11.572,11.565,12.951
"Unemployment, total (% of total labor force) (modeled ILO estimate)",SL.UEM.TOTL.ZS,Gabon,GAB,17.282,17.725,17.78,17.794,17.411,17.347,17.197,17.176,17.119,17.095,16.91,17.785,18.261,19.191,19.753,20.39,19.941,20.134,20.303,20.439,20.358,21.27
"Unemployment, total (% of total labor force) (modeled ILO estimate)",SL.UEM.TOTL.ZS,"Gambia, The",GMB,9.861,9.961,9.986,10.102,10.201,10.235,10.053,9.956,10.032,9.991,9.963,10.259,10.428,10.092,9.823,9.723,10.283,6.285,5.157,4.127,4.538,5.892
"Unemployment, total (% of total labor force) (modeled ILO estimate)",SL.UEM.TOTL.ZS,Georgia,GEO,2.7,5.4,5.4,8.4,7.6,11.5,11.5,14.53,11.51,12.62,13.81,13.57,13.28,17.87,20.71,20.203,19.632,16.604,13.939,12.667,11.565,11.73
"Unemployment, total (% of total labor force) (modeled ILO estimate)",SL.UEM.TOTL.ZS,Germany,DEU,5.316,6.323,7.675,8.727,8.158,8.822,9.861,9.787,9.779,10.727,11.193,10.277,8.732,7.508,7.88,7.043,5.967,4.104,3.781,3.384,3.163,3.881
"Unemployment, total (% of total labor force) (modeled ILO estimate)",SL.UEM.TOTL.ZS,Ghana,GHA,3.489,4.7,5.239,5.896,6.48,7.083,7.636,8.2,7.72,6.756,5.816,4.897,5.092,5.144,5.348,5.384,4.227,5.232,3.369,3.253,3.16,3.313
"Unemployment, total (% of total labor force) (modeled ILO estimate)",SL.UEM.TOTL.ZS,Gibraltar,GIB,..,..,..,..,..,..,..,..,..,..,..,..,..,..,..,..,..,..,..,..,..,..
"Unemployment, total (% of total labor force) (modeled ILO estimate)",SL.UEM.TOTL.ZS,Greece,GRC,7.572,8.927,10.177,9.808,10.116,10.402,10.472,12.227,9.839,10.628,10.074,8.906,8.351,7.664,9.546,12.719,17.973,23.514,21.413,19.179,17.045,15.899
"Unemployment, total (% of total labor force) (modeled ILO estimate)",SL.UEM.TOTL.ZS,Greenland,GRL,..,..,..,..,..,..,..,..,..,..,..,..,..,..,..,..,..,..,..,..,..,..
"Unemployment, total (% of total labor force) (modeled ILO estimate)",SL.UEM.TOTL.ZS,Grenada,GRD,..,..,..,..,..,..,..,..,..,..,..,..,..,..,..,..,..,..,..,..,..,..
"Unemployment, total (% of total labor force) (modeled ILO estimate)",SL.UEM.TOTL.ZS,Guam,GUM,3.509,3.837,5.527,7.6,7.9,8.283,9.67,7.74,9.697,7.7,7,7.4,8.3,8.892,9.3,8.2,13.3,5.4,5.418,5.449,5.401,6.248
"Unemployment, total (% of total labor force) (modeled ILO estimate)",SL.UEM.TOTL.ZS,Guatemala,GTM,2.684,2.639,2.599,2.581,2.577,2.625,2.61,2.609,2.807,2.971,3.059,2.948,2.824,2.873,3.208,3.497,3.172,2.583,2.462,2.283,2.193,2.955
"Unemployment, total (% of total labor force) (modeled ILO estimate)",SL.UEM.TOTL.ZS,Guinea,GIN,4.573,4.598,4.573,4.526,4.481,4.5,4.458,4.488,4.644,4.743,4.875,4.93,4.818,4.829,4.967,5.097,5.094,5.013,4.826,4.787,5.018,6.018
"Unemployment, total (% of total labor force) (modeled ILO estimate)",SL.UEM.TOTL.ZS,Guinea-Bissau,GNB,3.038,3.099,3.148,3.172,3.132,3.022,2.986,3.39,3.244,3.238,3.174,3.154,3.149,3.164,3.152,3.137,3.08,3.123,3.066,3.127,2.413,2.89
"Unemployment, total (% of total labor force) (modeled ILO estimate)",SL.UEM.TOTL.ZS,Guyana,GUY,12.055,11.9,11.71,11.622,11.643,11.611,11.624,11.731,11.529,11.28,11.08,10.7,10.846,11.027,11.314,11.636,11.819,13.257,13.462,13.627,13.172,15.334
"Unemployment, total (% of total labor force) (modeled ILO estimate)",SL.UEM.TOTL.ZS,Haiti,HTI,7.363,7.428,7.595,7.97,7.565,7.325,6.978,7.162,12.18,13.453,14.587,15.908,16.8,16.195,15.351,15.252,14.485,13.852,13.881,13.878,14.057,15.546
"Unemployment, total (% of total labor force) (modeled ILO estimate)",SL.UEM.TOTL.ZS,Honduras,HND,4.58,3.06,3.097,3.136,3.24,4.37,3.32,4.02,5.3,5.99,4.909,3.574,3.211,3.156,3.292,4.119,4.474,6.727,5.528,5.648,5.698,10.982
"Unemployment, total (% of total labor force) (modeled ILO estimate)",SL.UEM.TOTL.ZS,"Hong Kong SAR, China",HKG,1.8,1.96,1.96,1.9,3.22,2.83,2.22,4.58,7.86,6.74,5.58,4.77,4.01,3.56,5.26,4.329,3.422,3.392,3.124,2.805,2.917,5.808
"Unemployment, total (% of total labor force) (modeled ILO estimate)",SL.UEM.TOTL.ZS,Hungary,HUN,8.5,9.942,12.098,10.847,10.168,10.022,8.991,8.925,5.79,5.832,7.189,7.494,7.406,7.817,10.03,11.172,11.029,5.115,4.156,3.708,3.419,4.25
"Unemployment, total (% of total labor force) (modeled ILO estimate)",SL.UEM.TOTL.ZS,Iceland,ISL,2.548,4.305,5.257,5.326,5.196,3.6,3.72,3.069,3.997,4.031,2.547,2.83,2.251,2.946,7.22,7.564,7.028,2.978,2.742,2.704,3.507,5.478
"Unemployment, total (% of total labor force) (modeled ILO estimate)",SL.UEM.TOTL.ZS,India,IND,7.722,7.733,7.75,7.645,7.608,7.558,7.61,7.639,7.68,7.625,7.552,7.552,7.561,7.656,7.664,7.652,7.616,7.601,7.618,7.652,6.51,7.859
"Unemployment, total (% of total labor force) (modeled ILO estimate)",SL.UEM.TOTL.ZS,Indonesia,IDN,2.617,2.734,2.782,4.366,4.611,4.861,4.684,5.459,6.657,7.303,7.945,7.551,8.06,7.208,6.106,5.614,5.153,4.301,3.783,4.387,3.59,4.255
"Unemployment, total (% of total labor force) (modeled ILO estimate)",SL.UEM.TOTL.ZS,"Iran, Islamic Rep.",IRN,11.1,10.653,10.567,10.448,9.896,9.1,9.681,10.358,11.529,10.3,11.813,11.519,10.772,10.63,12.113,13.679,12.491,12.618,12.232,12.195,10.74,9.687
"Unemployment, total (% of total labor force) (modeled ILO estimate)",SL.UEM.TOTL.ZS,Iraq,IRQ,8.652,8.368,8.381,8.243,8.446,8.527,8.286,8.087,8.955,8.719,8.578,8.42,8.646,8.467,8.414,8.267,8.191,10.82,13.02,13.49,14.109,15.778
"Unemployment, total (% of total labor force) (modeled ILO estimate)",SL.UEM.TOTL.ZS,Ireland,IRL,15.771,15.021,15.571,14.544,11.97,11.692,10.191,7.699,4.478,4.491,4.237,4.355,4.98,6.774,12.609,14.534,15.354,8.374,6.713,5.741,4.95,5.623
"Unemployment, total (% of total labor force) (modeled ILO estimate)",SL.UEM.TOTL.ZS,Isle of Man,IMN,..,..,..,..,..,..,..,..,..,..,..,..,..,..,..,..,..,..,..,..,..,..
"Unemployment, total (% of total labor force) (modeled ILO estimate)",SL.UEM.TOTL.ZS,Israel,ISR,13.387,14.08,12.741,9.934,8.782,8.455,9.751,10.749,13.505,13.029,11.342,10.707,9.379,7.704,9.534,8.48,7.139,4.723,4.14,3.917,3.731,4.169
"Unemployment, total (% of total labor force) (modeled ILO estimate)",SL.UEM.TOTL.ZS,Italy,ITA,10.097,9.321,10.212,11.086,11.661,11.864,11.985,12.117,8.869,7.866,7.73,6.777,6.076,6.723,7.749,8.363,8.359,11.688,11.211,10.61,9.951,9.164
"Unemployment, total (% of total labor force) (modeled ILO estimate)",SL.UEM.TOTL.ZS,Jamaica,JAM,6.235,6.389,6.236,6.338,6.327,6.62,6.703,6.86,6.535,6.539,6.577,6.605,6.606,6.666,7.314,7.63,8.034,8.634,7.399,5.47,4.987,6.501
"Unemployment, total (% of total labor force) (modeled ILO estimate)",SL.UEM.TOTL.ZS,Japan,JPN,2.059,2.158,2.539,2.89,3.15,3.383,3.374,4.078,5.251,4.734,4.446,4.192,3.888,4.002,5.068,5.102,4.55,3.132,2.822,2.467,2.351,2.809
"Unemployment, total (% of total labor force) (modeled ILO estimate)",SL.UEM.TOTL.ZS,Jordan,JOR,21.406,19.945,19.7,16.899,14.6,13.7,13.739,13.838,14.5,14.628,14.8,14,13.1,12.7,12.9,12.5,12.9,15.275,18.12,18.257,16.801,19.213
"Unemployment, total (% of total labor force) (modeled ILO estimate)",SL.UEM.TOTL.ZS,Kazakhstan,KAZ,0.9,1,1.11,7.54,10.98,12.96,13.01,13.13,8.78,8.4,8.13,7.79,7.26,6.63,6.55,5.77,5.39,4.96,4.9,4.85,4.8,4.89
"Unemployment, total (% of total labor force) (modeled ILO estimate)",SL.UEM.TOTL.ZS,Kenya,KEN,2.792,2.903,2.985,2.962,2.856,2.783,2.827,2.85,2.873,2.848,2.745,2.68,2.65,2.756,2.818,2.796,2.704,2.757,3.541,4.284,5.014,5.619
"Unemployment, total (% of total labor force) (modeled ILO estimate)",SL.UEM.TOTL.ZS,Kiribati,KIR,..,..,..,..,..,..,..,..,..,..,..,..,..,..,..,..,..,..,..,..,..,..
"Unemployment, total (% of total labor force) (modeled ILO estimate)",SL.UEM.TOTL.ZS,"Korea, Dem. People's Rep.",PRK,2.3,2.333,2.433,2.538,2.557,2.592,2.68,2.871,3.059,3.016,2.972,2.944,2.936,2.873,2.871,2.81,2.894,2.931,2.846,2.757,2.782,2.948
"Unemployment, total (% of total labor force) (modeled ILO estimate)",SL.UEM.TOTL.ZS,"Korea, Rep.",KOR,2.407,2.513,2.878,2.476,2.063,2.048,2.608,6.963,3.348,3.42,3.482,3.254,3.013,2.959,3.363,3.324,2.992,3.65,3.653,3.824,3.746,3.931
"Unemployment, total (% of total labor force) (modeled ILO estimate)",SL.UEM.TOTL.ZS,Kosovo,XKX,..,..,..,..,..,..,..,..,..,..,..,..,..,..,..,..,..,..,..,..,..,..
"Unemployment, total (% of total labor force) (modeled ILO estimate)",SL.UEM.TOTL.ZS,Kuwait,KWT,0.881,0.875,0.8,0.7,0.694,0.7,0.7,0.7,1.3,1.7,1.456,1.3,1.5,1.75,1.64,1.82,2.053,2.16,2.227,2.204,2.251,3.557
"Unemployment, total (% of total labor force) (modeled ILO estimate)",SL.UEM.TOTL.ZS,Kyrgyz Republic,KGZ,1,1.1,1.248,1.384,1.474,1.525,1.551,1.632,2.162,2.259,2.362,2.48,2.577,2.642,2.744,2.887,2.999,3.474,3.57,3.67,4.295,4.63
"Unemployment, total (% of total labor force) (modeled ILO estimate)",SL.UEM.TOTL.ZS,Lao PDR,LAO,2.498,2.717,2.739,2.636,2.6,2.449,2.352,2.294,1.639,1.498,1.35,1.198,1.067,0.943,0.834,0.708,1.055,2.881,3.268,2.9,2.537,2.361
"Unemployment, total (% of total labor force) (modeled ILO estimate)",SL.UEM.TOTL.ZS,Latvia,LVA,2.7,6.6,16.7,18.7,19,20.7,17.569,14.454,12.061,11.708,10.033,7.03,6.052,7.739,17.515,19.482,16.206,9.643,8.715,7.412,6.312,8.098
"Unemployment, total (% of total labor force) (modeled ILO estimate)",SL.UEM.TOTL.ZS,Lebanon,LBN,8.609,8.259,8.262,8.35,8.442,8.435,8.62,8.564,8.05,7.85,8.247,8.671,8.98,7.666,6.355,6.775,7.349,9.786,10.251,10.745,11.301,13.284
"Unemployment, total (% of total labor force) (modeled ILO estimate)",SL.UEM.TOTL.ZS,Lesotho,LSO,15.59,15.543,15.658,15.706,15.875,15.788,15.896,15.983,16.113,16.206,16.086,16.107,15.997,15.907,16.16,16.113,16.157,16.17,16.401,16.625,16.876,18.399
"Unemployment, total (% of total labor force) (modeled ILO estimate)",SL.UEM.TOTL.ZS,Liberia,LBR,2.641,2.623,2.493,2.402,2.391,2.354,2.256,2.197,2.586,2.589,2.577,2.283,2.235,2.222,2.242,2.266,2.211,3.081,3.066,3.056,3.068,4.109
"Unemployment, total (% of total labor force) (modeled ILO estimate)",SL.UEM.TOTL.ZS,Libya,LBY,18.538,18.796,19.005,19.349,19.443,19.296,19.437,19.282,19.045,18.911,18.639,18.779,18.745,19.006,19.247,19.276,19.478,19.522,19.02,18.836,19.05,19.613
"Unemployment, total (% of total labor force) (modeled ILO estimate)",SL.UEM.TOTL.ZS,Liechtenstein,LIE,..,..,..,..,..,..,..,..,..,..,..,..,..,..,..,..,..,..,..,..,..,..
"Unemployment, total (% of total labor force) (modeled ILO estimate)",SL.UEM.TOTL.ZS,Lithuania,LTU,1.1,1.2,13.8,13.8,17.54,16.4,14.13,13.711,12.874,10.684,8.325,5.78,4.25,5.826,13.785,17.814,15.39,7.862,7.073,6.147,6.255,8.487
"Unemployment, total (% of total labor force) (modeled ILO estimate)",SL.UEM.TOTL.ZS,Luxembourg,LUX,1.482,2.029,2.33,3.479,2.918,3.286,2.527,2.763,3.675,5.113,4.488,4.731,4.065,5.06,5.194,4.423,5.122,6.669,5.523,5.589,5.592,6.766
"Unemployment, total (% of total labor force) (modeled ILO estimate)",SL.UEM.TOTL.ZS,"Macao SAR, China",MAC,3.01,2.196,2.057,2.48,3.581,4.249,3.261,4.607,5.995,4.904,4.158,3.822,3.269,2.999,3.58,2.84,2.56,1.939,1.987,1.834,1.749,2.566
"Unemployment, total (% of total labor force) (modeled ILO estimate)",SL.UEM.TOTL.ZS,Madagascar,MDG,6.168,6.268,6.307,6.103,6.088,6.087,5.969,5.9,5.01,3.946,2.62,2.946,3.205,3.438,3.887,4.28,2.512,1.947,2.119,2.297,2.469,3.284
"Unemployment, total (% of total labor force) (modeled ILO estimate)",SL.UEM.TOTL.ZS,Malawi,MWI,4.923,5.073,5.002,5.349,4.914,4.955,4.723,4.935,5.157,4.971,4.944,4.96,4.888,4.814,4.754,4.798,4.842,5.007,5.039,5.014,4.966,5.728
"Unemployment, total (% of total labor force) (modeled ILO estimate)",SL.UEM.TOTL.ZS,Malaysia,MYS,3.702,3.71,4.11,3.64,3.15,2.52,2.45,3.2,3.61,3.54,3.53,3.32,3.23,3.32,3.66,3.39,3.05,3.44,3.41,3.3,3.26,4.54
"Unemployment, total (% of total labor force) (modeled ILO estimate)",SL.UEM.TOTL.ZS,Maldives,MDV,0.799,0.805,0.792,0.791,0.79,1.013,1.24,1.47,5.134,6.1,7.328,8.392,9.447,10.242,11.697,10.881,10.06,5.771,5.401,4.95,4.562,5.434
"Unemployment, total (% of total labor force) (modeled ILO estimate)",SL.UEM.TOTL.ZS,Mali,MLI,1.405,1.483,1.423,1.509,1.464,1.424,1.414,1.35,1.281,1.412,1.379,1.425,1.405,1.424,1.423,1.405,1.422,1.367,1.494,1.62,3.29,3.528
"Unemployment, total (% of total labor force) (modeled ILO estimate)",SL.UEM.TOTL.ZS,Malta,MLT,6.353,6.349,6.346,6.343,6.34,6.337,6.333,6.33,7.488,7.317,6.923,6.798,6.472,5.977,6.889,6.847,6.378,4.687,4.002,3.658,3.616,4.347
"Unemployment, total (% of total labor force) (modeled ILO estimate)",SL.UEM.TOTL.ZS,Marshall Islands,MHL,..,..,..,..,..,..,..,..,..,..,..,..,..,..,..,..,..,..,..,..,..,..
"Unemployment, total (% of total labor force) (modeled ILO estimate)",SL.UEM.TOTL.ZS,Mauritania,MRT,9.984,10.058,9.874,9.991,9.797,9.794,9.815,9.984,9.921,9.791,9.626,9.37,9.524,9.735,10.186,10.075,9.968,10.283,10.336,10.407,10.416,11.054
"Unemployment, total (% of total labor force) (modeled ILO estimate)",SL.UEM.TOTL.ZS,Mauritius,MUS,9.507,9.451,9.512,9.524,9.59,9.505,9.39,9.269,8.311,8.337,9.524,9.04,8.475,7.17,7.257,7.654,7.447,6.814,6.752,6.426,6.331,8.626
"Unemployment, total (% of total labor force) (modeled ILO estimate)",SL.UEM.TOTL.ZS,Mexico,MEX,3.145,3.235,3.365,4.436,7.095,5.465,4.235,3.733,3.455,3.937,3.558,3.566,3.628,3.874,5.356,5.303,5.175,3.853,3.419,3.275,3.477,4.44
"Unemployment, total (% of total labor force) (modeled ILO estimate)",SL.UEM.TOTL.ZS,"Micronesia, Fed. Sts.",FSM,..,..,..,..,..,..,..,..,..,..,..,..,..,..,..,..,..,..,..,..,..,..
"Unemployment, total (% of total labor force) (modeled ILO estimate)",SL.UEM.TOTL.ZS,Moldova,MDA,1.9,3.7,3.7,5.8,5.3,7.9,7.9,10,6.378,6.374,5.633,4.2,2.723,2.073,2.987,2.937,2.648,1.557,1.586,1.196,1.466,1.186
"Unemployment, total (% of total labor force) (modeled ILO estimate)",SL.UEM.TOTL.ZS,Monaco,MCO,..,..,..,..,..,..,..,..,..,..,..,..,..,..,..,..,..,..,..,..,..,..
"Unemployment, total (% of total labor force) (modeled ILO estimate)",SL.UEM.TOTL.ZS,Mongolia,MNG,5.659,5.843,5.845,5.701,5.5,5.533,5.613,5.755,6.768,6.854,7.017,7.193,7.2,5.565,5.86,6.549,4.769,7.235,6.359,5.377,9.269,6.594
"Unemployment, total (% of total labor force) (modeled ILO estimate)",SL.UEM.TOTL.ZS,Montenegro,MNE,30.228,30.283,30.348,30.334,30.294,30.235,30.298,30.269,30.458,30.37,30.31,24.79,19.4,17.15,19.09,19.649,19.759,17.732,16.082,15.19,15.128,17.878
"Unemployment, total (% of total labor force) (modeled ILO estimate)",SL.UEM.TOTL.ZS,Morocco,MAR,13.538,13.8,14.029,13.869,14.052,13.398,14.023,13.393,11.92,10.83,11.01,9.67,9.56,9.57,8.96,9.09,8.91,9.3,9.223,9.271,9.194,11.223
"Unemployment, total (% of total labor force) (modeled ILO estimate)",SL.UEM.TOTL.ZS,Mozambique,MOZ,2.842,3.033,2.899,2.881,2.76,2.764,2.7,2.64,2.859,2.955,3.037,3.039,3.084,3.114,3.208,3.261,3.296,3.457,3.539,3.604,3.646,3.921
"Unemployment, total (% of total labor force) (modeled ILO estimate)",SL.UEM.TOTL.ZS,Myanmar,MMR,0.832,0.8,0.784,0.745,0.759,0.758,0.769,0.776,0.691,0.682,0.676,0.68,0.687,0.703,0.715,0.727,0.75,1.058,1.356,0.767,0.407,1.476
"Unemployment, total (% of total labor force) (modeled ILO estimate)",SL.UEM.TOTL.ZS,Namibia,NAM,19.14,18.932,19.104,19.4,21.312,22.835,24.45,23.081,22.052,22.09,22.107,21.876,22.119,22.017,22.254,22.12,19.476,23.352,21.733,19.877,19.921,21.004
"Unemployment, total (% of total labor force) (modeled ILO estimate)",SL.UEM.TOTL.ZS,Nauru,NRU,..,..,..,..,..,..,..,..,..,..,..,..,..,..,..,..,..,..,..,..,..,..
"Unemployment, total (% of total labor force) (modeled ILO estimate)",SL.UEM.TOTL.ZS,Nepal,NPL,10.484,10.493,10.517,10.465,10.484,10.443,10.535,10.551,10.702,10.71,10.617,10.639,10.683,10.613,10.587,10.554,10.64,10.742,10.66,10.559,10.389,12.975
"Unemployment, total (% of total labor force) (modeled ILO estimate)",SL.UEM.TOTL.ZS,Netherlands,NLD,7.285,5.555,6.287,7.159,7.157,6.421,5.511,4.394,3.593,4.646,5.872,5.007,4.153,3.658,4.352,4.991,4.977,6.007,4.837,3.832,3.379,3.82
"Unemployment, total (% of total labor force) (modeled ILO estimate)",SL.UEM.TOTL.ZS,New Caledonia,NCL,18.009,18.616,18.803,18.948,18.63,18.64,18.381,18.623,16.716,16.31,15.769,15.236,14.757,14.367,13.97,13.95,13.935,12.714,11.676,11.702,10.88,13.558
"Unemployment, total (% of total labor force) (modeled ILO estimate)",SL.UEM.TOTL.ZS,New Zealand,NZL,10.614,10.667,9.804,8.354,6.461,6.29,6.857,7.718,4.745,4.005,3.807,3.857,3.661,4.167,6.121,6.557,6.491,5.147,4.736,4.335,4.109,4.595
"Unemployment, total (% of total labor force) (modeled ILO estimate)",SL.UEM.TOTL.ZS,Nicaragua,NIC,7.946,7.838,7.862,7.685,7.414,7.102,7.079,7.187,7.6,6.41,5.37,5.31,4.89,6.2,8.16,7.83,6.618,3.9,3.3,5.2,5.472,6.201
"Unemployment, total (% of total labor force) (modeled ILO estimate)",SL.UEM.TOTL.ZS,Niger,NER,1.583,1.566,1.539,1.502,1.495,1.498,1.502,1.389,2.156,2.747,3.1,2.536,2.032,1.592,1.209,0.722,0.316,0.548,0.554,0.535,0.531,0.594
"Unemployment, total (% of total labor force) (modeled ILO estimate)",SL.UEM.TOTL.ZS,Nigeria,NGA,3.851,3.81,4.038,4.078,4.163,4.056,3.977,3.935,3.648,3.601,3.734,3.756,3.799,3.795,3.766,3.746,3.77,4.499,4.828,5.067,5.206,5.742
"Unemployment, total (% of total labor force) (modeled ILO estimate)",SL.UEM.TOTL.ZS,North Macedonia,MKD,24.5,26.3,27.7,30,35.6,38.8,36,34.5,36.69,37.161,37.32,36.392,35.231,33.93,32.351,33.135,31.502,24.312,22.857,21.208,17.414,16.575
"Unemployment, total (% of total labor force) (modeled ILO estimate)",SL.UEM.TOTL.ZS,Northern Mariana Islands,MNP,..,..,..,..,..,..,..,..,..,..,..,..,..,..,..,..,..,..,..,..,..,..
"Unemployment, total (% of total labor force) (modeled ILO estimate)",SL.UEM.TOTL.ZS,Norway,NOR,5.407,5.91,5.965,5.349,6.307,5.036,4.687,3.737,4.221,4.256,4.381,3.397,2.493,2.521,3.1,3.527,3.196,4.68,4.164,3.801,3.684,4.424
"Unemployment, total (% of total labor force) (modeled ILO estimate)",SL.UEM.TOTL.ZS,Oman,OMN,4.055,4.158,4.004,4.067,4.16,4.247,4.188,4.259,4.62,4.734,4.626,4.383,4.298,4.142,3.993,3.935,3.958,3.266,2.522,1.8,2.04,2.94
"Unemployment, total (% of total labor force) (modeled ILO estimate)",SL.UEM.TOTL.ZS,Pakistan,PAK,0.611,0.596,0.61,0.617,0.632,0.616,0.631,0.645,0.63,0.608,0.585,0.582,0.398,0.423,0.535,0.653,0.796,2.285,3.215,4.083,4.83,6.127
"Unemployment, total (% of total labor force) (modeled ILO estimate)",SL.UEM.TOTL.ZS,Palau,PLW,..,..,..,..,..,..,..,..,..,..,..,..,..,..,..,..,..,..,..,..,..,..
"Unemployment, total (% of total labor force) (modeled ILO estimate)",SL.UEM.TOTL.ZS,Panama,PAN,6.445,6.303,6.364,6.429,6.526,6.524,6.406,6.23,6.346,6.127,6.002,5.822,5.694,5.647,5.864,5.845,4.03,4.717,5.338,5.161,6.256,14.663
"Unemployment, total (% of total labor force) (modeled ILO estimate)",SL.UEM.TOTL.ZS,Papua New Guinea,PNG,2.799,2.618,2.397,2.432,2.613,2.734,2.856,2.862,2.628,2.526,2.387,2.287,2.172,2.169,2.089,2.002,2.62,2.472,2.569,2.635,2.634,2.883
"Unemployment, total (% of total labor force) (modeled ILO estimate)",SL.UEM.TOTL.ZS,Paraguay,PRY,5.1,4.98,5.06,4.41,3.4,8.15,5.36,4.417,6.814,6.513,4.825,5.277,4.713,4.415,5.46,4.569,4.67,5.255,6.138,6.217,6.595,7.548
"Unemployment, total (% of total labor force) (modeled ILO estimate)",SL.UEM.TOTL.ZS,Peru,PER,4.934,5.071,4.803,4.505,4.717,4.931,4.768,5.096,4.15,4.71,4.87,4.17,4.08,4.03,3.96,3.6,3.477,3.741,3.691,3.492,3.379,7.179
"Unemployment, total (% of total labor force) (modeled ILO estimate)",SL.UEM.TOTL.ZS,Philippines,PHL,3.729,3.844,3.863,3.765,3.683,3.613,3.598,3.698,3.527,3.554,3.795,4.052,3.434,3.72,3.858,3.605,3.592,2.695,2.552,2.338,2.237,2.522
"Unemployment, total (% of total labor force) (modeled ILO estimate)",SL.UEM.TOTL.ZS,Poland,POL,13.611,13.645,14.393,14.825,13.695,12.684,10.964,9.935,19.899,18.822,17.592,13.794,9.551,7.069,8.131,9.578,9.576,6.141,4.867,3.835,3.267,3.155
"Unemployment, total (% of total labor force) (modeled ILO estimate)",SL.UEM.TOTL.ZS,Portugal,PRT,3.919,3.985,5.301,6.709,7.064,7.298,6.571,4.64,6.132,6.319,7.582,7.649,7.965,7.553,9.432,10.771,12.682,11.068,8.869,6.994,6.464,6.801
"Unemployment, total (% of total labor force) (modeled ILO estimate)",SL.UEM.TOTL.ZS,Puerto Rico (US),PRI,16.18,16.93,16.91,14.6,13.93,13.64,13.8,13.46,11.78,10.31,11.35,11.01,10.93,11.48,15,16.1,15.7,11.8,10.8,9.2,8.3,8.89
"Unemployment, total (% of total labor force) (modeled ILO estimate)",SL.UEM.TOTL.ZS,Qatar,QAT,0.87,0.87,0.87,0.87,0.87,0.87,0.87,0.87,0.87,0.87,0.87,0.87,0.52,0.31,0.31,0.45,0.56,0.15,0.14,0.11,0.1,0.14
"Unemployment, total (% of total labor force) (modeled ILO estimate)",SL.UEM.TOTL.ZS,Romania,ROU,8.218,8.26,8.273,8.17,8.01,6.74,5.515,5.63,6.95,7.719,7.174,7.27,6.413,5.787,6.859,6.959,7.177,5.901,4.927,4.187,3.912,5.035
"Unemployment, total (% of total labor force) (modeled ILO estimate)",SL.UEM.TOTL.ZS,Russian Federation,RUS,5.068,5.181,5.883,8.131,9.449,9.665,11.813,13.261,8.21,7.763,7.124,7.055,6.002,6.205,8.301,7.407,6.571,5.591,5.238,4.871,4.513,5.62
"Unemployment, total (% of total labor force) (modeled ILO estimate)",SL.UEM.TOTL.ZS,Rwanda,RWA,12.31,12.12,12.154,12.222,11.972,11.586,11.217,11.352,11.696,11.731,11.854,11.632,11.626,11.57,11.663,11.673,11.775,11.801,11.875,10.759,11.236,11.829
"Unemployment, total (% of total labor force) (modeled ILO estimate)",SL.UEM.TOTL.ZS,Samoa,WSM,2.1,2.44,2.69,3,3.245,3.516,3.78,4.128,5.037,5.162,5.212,5.321,5.426,5.539,5.647,5.621,5.68,9.062,9.4,8.639,7.838,7.435
"Unemployment, total (% of total labor force) (modeled ILO estimate)",SL.UEM.TOTL.ZS,San Marino,SMR,..,..,..,..,..,..,..,..,..,..,..,..,..,..,..,..,..,..,..,..,..,..
"Unemployment, total (% of total labor force) (modeled ILO estimate)",SL.UEM.TOTL.ZS,Sao Tome and Principe,STP,14.513,14.662,14.476,14.424,14.356,14.342,14.421,14.402,16.36,16.12,16.47,16.65,16.024,15.426,15.134,14.626,14.224,9.686,8.808,8.714,8.831,9.686
"Unemployment, total (% of total labor force) (modeled ILO estimate)",SL.UEM.TOTL.ZS,Saudi Arabia,SAU,7.294,7.2,7.078,6.889,6.45,5.852,5.327,4.771,5.563,5.822,6.051,6.254,5.734,5.085,5.377,5.55,5.77,5.6,5.89,6.029,5.636,7.66
"Unemployment, total (% of total labor force) (modeled ILO estimate)",SL.UEM.TOTL.ZS,Senegal,SEN,2.867,2.926,2.881,2.941,2.853,2.84,2.776,2.769,2.794,2.788,2.703,2.77,2.808,2.822,2.814,2.803,2.853,4.455,4.078,3.455,2.863,3.437
"Unemployment, total (% of total labor force) (modeled ILO estimate)",SL.UEM.TOTL.ZS,Serbia,SRB,13.339,13.372,13.395,13.374,13.4,13.2,13.8,13.7,15.2,18.5,20.85,20.85,18.06,13.67,16.116,19.204,22.959,15.257,13.477,12.733,10.395,9.011
"Unemployment, total (% of total labor force) (modeled ILO estimate)",SL.UEM.TOTL.ZS,Seychelles,SYC,..,..,..,..,..,..,..,..,..,..,..,..,..,..,..,..,..,..,..,..,..,..
"Unemployment, total (% of total labor force) (modeled ILO estimate)",SL.UEM.TOTL.ZS,Sierra Leone,SLE,4.085,4.266,4.285,4.325,4.22,4.216,4.253,4.161,3.879,3.42,3.716,3.889,4.007,4.128,4.269,4.413,4.54,4.294,3.834,3.192,3.203,3.508
"Unemployment, total (% of total labor force) (modeled ILO estimate)",SL.UEM.TOTL.ZS,Singapore,SGP,2.18,3.09,3.07,3.03,3.3,3.57,2.5,3.41,5.93,5.84,5.59,4.48,3.9,3.96,5.86,4.12,3.89,4.08,4.2,3.613,3.1,4.1
"Unemployment, total (% of total labor force) (modeled ILO estimate)",SL.UEM.TOTL.ZS,Sint Maarten (Dutch part),SXM,..,..,..,..,..,..,..,..,..,..,..,..,..,..,..,..,..,..,..,..,..,..
"Unemployment, total (% of total labor force) (modeled ILO estimate)",SL.UEM.TOTL.ZS,Slovak Republic,SVK,12.166,12.192,12.2,13.654,13.109,11.341,11.894,12.421,17.549,18.206,16.276,13.395,11.16,9.514,12.023,14.387,13.634,9.679,8.142,6.544,5.761,6.719
"Unemployment, total (% of total labor force) (modeled ILO estimate)",SL.UEM.TOTL.ZS,Slovenia,SVN,7.08,7.809,8.51,8.24,7.15,6.886,6.658,7.4,6.479,6.012,6.506,5.95,4.818,4.371,5.858,7.236,8.166,8,6.564,5.108,4.446,4.971
"Unemployment, total (% of total labor force) (modeled ILO estimate)",SL.UEM.TOTL.ZS,Solomon Islands,SLB,1.985,1.868,1.846,1.82,1.856,1.89,2.022,2.164,2.29,2.031,1.885,1.92,1.981,1.999,2.02,1.617,1.292,0.734,0.725,0.72,0.743,0.864
"Unemployment, total (% of total labor force) (modeled ILO estimate)",SL.UEM.TOTL.ZS,Somalia,SOM,19.315,19.536,19.491,19.974,19.747,19.651,19.267,19.169,19.081,18.992,18.997,19.002,18.981,18.996,19.013,19.031,19.052,18.578,18.523,18.738,18.828,19.413
"Unemployment, total (% of total labor force) (modeled ILO estimate)",SL.UEM.TOTL.ZS,South Africa,ZAF,23.002,23.262,23.179,22.942,22.647,22.48,22.518,22.673,22.629,22.538,22.461,22.324,22.287,22.407,23.523,24.683,24.639,26.536,27.035,26.906,28.468,29.217
"Unemployment, total (% of total labor force) (modeled ILO estimate)",SL.UEM.TOTL.ZS,South Sudan,SSD,12.37,12.414,12.242,12.352,12.361,12.336,12.042,12.072,12.232,12.256,12.266,12.267,12.262,12.298,12.463,12.503,12.635,12.955,13.111,12.952,12.709,14.319
"Unemployment, total (% of total labor force) (modeled ILO estimate)",SL.UEM.TOTL.ZS,Spain,ESP,15.929,17.697,22.156,24.209,22.675,22.142,20.698,18.673,11.283,11.09,9.146,8.452,8.232,11.254,17.857,19.86,21.39,19.635,17.224,15.255,14.104,15.532
"Unemployment, total (% of total labor force) (modeled ILO estimate)",SL.UEM.TOTL.ZS,Sri Lanka,LKA,14.661,14.22,13.82,13.03,12.27,11.35,10.6,9.17,8.22,8.38,7.67,6.5,5.97,5.22,5.85,4.784,4.118,4.242,4.046,4.318,4.67,5.364
"Unemployment, total (% of total labor force) (modeled ILO estimate)",SL.UEM.TOTL.ZS,St. Kitts and Nevis,KNA,..,..,..,..,..,..,..,..,..,..,..,..,..,..,..,..,..,..,..,..,..,..
"Unemployment, total (% of total labor force) (modeled ILO estimate)",SL.UEM.TOTL.ZS,St. Lucia,LCA,16.498,16.529,16.8,17,15.83,16.33,20.47,21.6,22.18,20.97,18.7,16,14,12.72,15.37,17.12,18.86,19.933,19.136,19.329,15.613,25.224
"Unemployment, total (% of total labor force) (modeled ILO estimate)",SL.UEM.TOTL.ZS,St. Martin (French part),MAF,..,..,..,..,..,..,..,..,..,..,..,..,..,..,..,..,..,..,..,..,..,..
"Unemployment, total (% of total labor force) (modeled ILO estimate)",SL.UEM.TOTL.ZS,St. Vincent and the Grenadines,VCT,19.77,19.545,19.667,19.967,19.994,20.339,20.116,20.514,19.967,19.523,19.449,19.15,18.927,18.79,19.386,19.966,20.049,19.028,19.006,18.984,19.235,20.636
"Unemployment, total (% of total labor force) (modeled ILO estimate)",SL.UEM.TOTL.ZS,Sudan,SDN,15.652,15.702,15.52,15.64,15.65,15.624,15.305,15.336,15.515,15.539,15.546,15.542,15.531,15.566,13,15.161,17.44,13.606,12.953,12.303,11.658,11.958
"Unemployment, total (% of total labor force) (modeled ILO estimate)",SL.UEM.TOTL.ZS,Suriname,SUR,17.085,17.28,15.64,12.7,8.39,10.88,10.56,10.63,10.359,9.49,9.263,9.096,9.004,8.831,8.72,7.15,7.54,7.917,7.888,7.693,7.556,8.76
"Unemployment, total (% of total labor force) (modeled ILO estimate)",SL.UEM.TOTL.ZS,Sweden,SWE,3.243,5.722,9.33,9.58,8.897,9.547,10.359,8.941,5.555,6.693,7.81,7.066,6.161,6.235,8.351,8.61,7.804,6.99,6.718,6.365,6.833,8.291
"Unemployment, total (% of total labor force) (modeled ILO estimate)",SL.UEM.TOTL.ZS,Switzerland,CHE,1.818,2.344,3.551,3.58,3.094,3.684,4.127,3.568,4.117,4.316,4.437,3.995,3.641,3.35,4.109,4.808,4.409,4.918,4.797,4.713,4.394,4.817
"Unemployment, total (% of total labor force) (modeled ILO estimate)",SL.UEM.TOTL.ZS,Syrian Arab Republic,SYR,6.75,6.949,7.4,7.5,7.2,7.222,7.31,7.376,10.28,9.513,8.809,8.17,8.42,10.94,8.14,8.61,8.627,13.795,13.597,13.497,13.36,15.191
"Unemployment, total (% of total labor force) (modeled ILO estimate)",SL.UEM.TOTL.ZS,Tajikistan,TJK,1.845,1.85,2.65,3.15,3.45,4.05,4.15,4.65,3.85,3.616,3.375,3.13,2.874,7.134,11.5,11.542,11.557,11.5,11.487,11.437,11.419,12.321
"Unemployment, total (% of total labor force) (modeled ILO estimate)",SL.UEM.TOTL.ZS,Tanzania,TZA,3.6,3.679,3.878,3.847,3.663,3.469,3.338,3.28,3.055,3.108,3.194,3.299,3.023,2.774,2.5,3.029,3.47,2.23,2.303,2.393,2.496,2.781
"Unemployment, total (% of total labor force) (modeled ILO estimate)",SL.UEM.TOTL.ZS,Thailand,THA,2.63,1.35,1.49,1.347,1.1,1.071,0.873,3.404,1.54,1.51,1.35,1.22,1.18,1.18,1.49,0.622,0.66,0.688,0.83,0.765,0.716,1.099
"Unemployment, total (% of total labor force) (modeled ILO estimate)",SL.UEM.TOTL.ZS,Timor-Leste,TLS,3.51,3.537,3.556,3.567,3.52,3.479,3.433,3.445,3.503,3.656,3.563,3.581,3.489,3.413,3.291,3.301,3.384,4.657,4.248,3.778,3.097,2.782
"Unemployment, total (% of total labor force) (modeled ILO estimate)",SL.UEM.TOTL.ZS,Togo,TGO,4.085,4.222,4.491,4.214,4.02,3.666,3.677,3.826,3.984,4.015,4.157,4.229,3.817,3.283,2.849,2.383,1.982,2.968,3.744,2.898,2.036,2.225
"Unemployment, total (% of total labor force) (modeled ILO estimate)",SL.UEM.TOTL.ZS,Tonga,TON,1.349,1.35,1.3,1.705,2.003,2.408,2.857,3.356,5.18,3.942,2.571,1.09,1.181,1.252,1.407,1.513,1.602,2.046,2.131,2.248,2.157,2.699
"Unemployment, total (% of total labor force) (modeled ILO estimate)",SL.UEM.TOTL.ZS,Trinidad and Tobago,TTO,18.52,19.66,19.81,18.44,17.22,16.25,15.01,14.21,10.48,8.33,7.95,6.27,5.54,4.63,5.28,4.033,3.425,3.207,3.394,3.498,3.523,4.206
"Unemployment, total (% of total labor force) (modeled ILO estimate)",SL.UEM.TOTL.ZS,Tunisia,TUN,15.946,15.616,15.954,16.009,16.339,16.059,15.94,15.476,14.51,14.23,12.872,12.51,12.365,12.444,13.29,13.049,18.334,15.557,15.33,15.459,17.153,17.656
"Unemployment, total (% of total labor force) (modeled ILO estimate)",SL.UEM.TOTL.ZS,Turkiye,TUR,8.21,8.509,8.962,8.577,7.644,6.629,6.841,6.888,10.542,10.838,10.636,10.227,10.285,10.965,14.026,11.879,9.789,10.899,10.919,10.956,13.73,13.148
"Unemployment, total (% of total labor force) (modeled ILO estimate)",SL.UEM.TOTL.ZS,Turkmenistan,TKM,1.4,1.5,1.5,4.7,8.3,10.3,11,12.2,9.311,8.44,7.485,6.58,5.694,4.835,4,4,4.002,4.031,4.044,4.044,4.043,4.501
"Unemployment, total (% of total labor force) (modeled ILO estimate)",SL.UEM.TOTL.ZS,Turks and Caicos Islands,TCA,..,..,..,..,..,..,..,..,..,..,..,..,..,..,..,..,..,..,..,..,..,..
"Unemployment, total (% of total labor force) (modeled ILO estimate)",SL.UEM.TOTL.ZS,Tuvalu,TUV,..,..,..,..,..,..,..,..,..,..,..,..,..,..,..,..,..,..,..,..,..,..
"Unemployment, total (% of total labor force) (modeled ILO estimate)",SL.UEM.TOTL.ZS,Uganda,UGA,3.464,3.556,3.497,3.471,3.235,3.213,3.247,3.437,3.6,2.705,1.9,2.272,2.677,3.052,3.6,3.619,3.528,3.008,3.428,3.25,3.06,3.831
"Unemployment, total (% of total labor force) (modeled ILO estimate)",SL.UEM.TOTL.ZS,Ukraine,UKR,1.9,1.9,2,2,5.62,7.65,8.93,11.32,9.057,8.59,7.18,6.81,6.351,6.363,8.84,8.1,7.851,9.35,9.5,8.799,8.194,9.475
"Unemployment, total (% of total labor force) (modeled ILO estimate)",SL.UEM.TOTL.ZS,United Arab Emirates,ARE,1.625,1.713,1.905,1.836,1.8,1.834,1.904,2.068,2.908,2.965,3.12,2.963,2.936,2.821,2.944,2.811,2.596,1.64,2.462,2.236,2.331,4.294
"Unemployment, total (% of total labor force) (modeled ILO estimate)",SL.UEM.TOTL.ZS,United Kingdom,GBR,8.55,9.772,10.346,9.648,8.694,8.189,7.072,6.198,4.807,4.594,4.835,5.411,5.342,5.705,7.627,7.924,8.169,4.867,4.452,4.12,3.613,4.472
"Unemployment, total (% of total labor force) (modeled ILO estimate)",SL.UEM.TOTL.ZS,United States,USA,6.8,7.5,6.9,6.119,5.65,5.451,5,4.511,5.989,5.529,5.084,4.623,4.622,5.784,9.254,9.633,8.949,4.869,4.355,3.896,3.669,8.055
"Unemployment, total (% of total labor force) (modeled ILO estimate)",SL.UEM.TOTL.ZS,Uruguay,URY,8.95,8.96,8.35,9.04,10.02,11.93,11.44,9.362,16.661,12.98,12.009,10.844,9.403,8.025,7.74,7.158,6.307,7.841,7.89,8.336,8.836,10.413
"Unemployment, total (% of total labor force) (modeled ILO estimate)",SL.UEM.TOTL.ZS,Uzbekistan,UZB,1.9,2.9,4.9,7.3,7.8,10.7,10.9,13.3,9.248,8.162,7.092,6.03,4.99,4.89,5.04,5.36,4.96,5.16,5.83,5.389,4.932,5.293
"Unemployment, total (% of total labor force) (modeled ILO estimate)",SL.UEM.TOTL.ZS,Vanuatu,VUT,7.997,7.964,8.288,8.103,8.153,8.108,8.24,8.24,8.682,8.447,8.126,8.006,6.854,5.661,4.565,4.685,4.821,5.261,5.287,5.326,5.444,4.046
"Unemployment, total (% of total labor force) (modeled ILO estimate)",SL.UEM.TOTL.ZS,"Venezuela, RB",VEN,9.45,7.69,6.6,8.56,10.24,11.77,11.16,11.15,16.78,15.07,10.663,8.606,7.279,6.245,6.097,7.112,6.902,5.319,5.045,5.46,5.876,7.53
"Unemployment, total (% of total labor force) (modeled ILO estimate)",SL.UEM.TOTL.ZS,Viet Nam,VNM,2.142,2.11,2.038,1.972,1.955,1.93,2.87,2.29,2.25,2.14,2.078,2.046,2.026,1.889,1.737,1.114,0.999,1.848,1.874,1.161,1.681,2.103
"Unemployment, total (% of total labor force) (modeled ILO estimate)",SL.UEM.TOTL.ZS,Virgin Islands (U.S.),VIR,11.718,11.891,11.989,11.751,11.384,11.408,11.297,11.187,11.254,10.927,10.878,10.36,10.137,10.22,11.527,11.742,12.041,12.515,12.217,12.407,12.551,15.191
"Unemployment, total (% of total labor force) (modeled ILO estimate)",SL.UEM.TOTL.ZS,West Bank and Gaza,PSE,10.653,10.672,10.685,10.761,10.705,10.731,10.507,10.422,23.004,23.215,20.016,19.014,18.282,22.913,20.452,21.416,17.597,23.939,25.677,26.256,25.34,25.895
"Unemployment, total (% of total labor force) (modeled ILO estimate)",SL.UEM.TOTL.ZS,"Yemen, Rep.",YEM,8.409,8.342,8.344,8.34,8.988,9.585,10.223,10.829,12.015,12.132,12.215,12.35,12.488,12.657,12.763,12.779,13.311,18.416,18.603,17.584,17.202,17.953
"Unemployment, total (% of total labor force) (modeled ILO estimate)",SL.UEM.TOTL.ZS,Zambia,ZMB,18.9,19.544,19.7,18.648,16.828,15.3,13.305,12,14.705,15.33,15.9,13.229,10.561,7.93,10.582,13.19,10.545,5.239,4.529,5.033,5.542,6.033
"Unemployment, total (% of total labor force) (modeled ILO estimate)",SL.UEM.TOTL.ZS,Zimbabwe,ZWE,4.813,4.938,4.99,4.96,5.571,6.163,6.93,6.39,4.735,4.39,4.622,4.759,4.991,5.357,5.453,5.447,5.368,5.886,6.344,6.793,7.373,8.621
"Unemployment, total (% of total labor force) (modeled ILO estimate)",SL.UEM.TOTL.ZS,Africa Eastern and Southern,AFE,8.17962867204006,8.27072384795289,8.26632715332635,8.13829095077232,7.90844555546911,7.8239078932856,7.78365441542562,7.81273363600731,7.58688283691332,7.39564818381754,7.21879262795258,7.15895834527989,7.10223115357479,7.07670978821918,7.15588066169117,7.40306130661224,7.42793993618157,7.19466599460041,7.34633063442169,7.3605131044333,7.58441879909928,8.19139491127414
"Unemployment, total (% of total labor force) (modeled ILO estimate)",SL.UEM.TOTL.ZS,Africa Western and Central,AFW,4.15868027881975,4.25110173142729,4.36980488975891,4.39378131016295,4.39974946558807,4.34069121352357,4.31373545449228,4.32404850194229,4.18011071095659,4.09473808884134,4.10069950284306,3.97409484853549,3.95064260570811,3.96854217730079,4.000386882162,3.9915945374515,3.96902733010755,4.15757437388452,4.27419620395302,4.32363095413829,4.39527121076193,4.8523927005513
"Unemployment, total (% of total labor force) (modeled ILO estimate)",SL.UEM.TOTL.ZS,Arab World,ARB,11.9145083824283,12.1603853600891,12.9182743533617,13.0251716620291,13.516862533383,12.4771777786255,12.011082437016,11.9646898565116,12.4563510932562,11.4330020298883,11.2407250571004,10.5232380711626,10.1508222413371,9.88041977711216,9.46639460138819,9.57747395203384,10.6932959358852,10.8562902038262,11.1131075474704,10.6597396349929,10.2160980238311,11.3256125416623
"Unemployment, total (% of total labor force) (modeled ILO estimate)",SL.UEM.TOTL.ZS,Caribbean small states,CSS,16.3029528373294,17.0480242033489,16.8574223870992,16.1314521759885,14.6640416860508,14.2091207575111,13.6210672096041,13.0485825370287,11.5352879341881,10.2845474905662,9.9723173887585,8.68164396270797,8.18796995695813,7.85876783447128,9.17081028787377,8.78766547316244,8.80300976727811,8.49871900649743,8.22060887050551,8.42228555555843,8.16211430457681,9.86550041950631
"Unemployment, total (% of total labor force) (modeled ILO estimate)",SL.UEM.TOTL.ZS,Central Europe and the Baltics,CEB,9.57714826844741,10.2193743198593,11.7123255728987,11.5636400442004,11.0184370000245,10.3650466333203,9.46153105263524,9.19134382326191,13.2635590108026,12.8766296492385,12.0310571699923,10.1172085305052,7.80513723734556,6.60004823198757,8.51651568379027,9.92654756624789,9.80886284662704,6.48009996873257,5.28282284018742,4.30369562786882,3.77015348175842,4.36148161141545
"Unemployment, total (% of total labor force) (modeled ILO estimate)",SL.UEM.TOTL.ZS,Early-demographic dividend,EAR,6.33439986099767,6.40385203316569,6.58222654047382,6.8054630258792,7.07631493241979,6.92154862166954,6.80671756099829,6.91695464537819,7.33857822367171,7.22075925807152,7.13189877369064,6.90690971756036,6.84170820607528,6.79874005728352,6.92207663381963,6.72549254045243,6.64163269370553,6.75915198816922,6.74512514660323,6.79972998966452,6.33471130423578,7.41080978209992
"Unemployment, total (% of total labor force) (modeled ILO estimate)",SL.UEM.TOTL.ZS,East Asia & Pacific,EAS,2.453481720451,2.44648499638451,2.70120675237843,2.96925133669627,3.04438839579311,3.15883854903829,3.24782198209408,3.53889313054046,4.46994570713792,4.42042962261375,4.46538303958669,4.34189971837131,4.2946239136738,4.37313894233402,4.46622743993614,4.21713753627349,4.12281542064571,3.99580515839642,3.86565024174878,3.74497476910225,3.81472100039499,4.28970049892231
"Unemployment, total (% of total labor force) (modeled ILO estimate)",SL.UEM.TOTL.ZS,East Asia & Pacific (excluding high income),EAP,2.40711360910144,2.37611306626529,2.62714147268805,2.92467103828283,3.00766968604447,3.11193345175662,3.20347877632994,3.37390522425585,4.40610012542102,4.40081751899497,4.47985327360327,4.37346271691852,4.35381700814466,4.43458690180373,4.41621948931768,4.15545539099386,4.10579979256748,4.03404292652506,3.91171481452964,3.8023437834359,3.89330553057754,4.36073968094378
"Unemployment, total (% of total labor force) (modeled ILO estimate)",SL.UEM.TOTL.ZS,East Asia & Pacific (IDA & IBRD countries),TEA,2.40874403795317,2.3767716688128,2.6301198290109,2.93060396440088,3.01458475185669,3.1198949743781,3.21148767006564,3.38157315635187,4.42626048911676,4.42148007967952,4.50231259783126,4.39475180578743,4.37489660023347,4.45784019112314,4.43930711068683,4.17562491797747,4.12394805623432,4.05094529389803,3.9281651171289,3.8185338900756,3.91055814607334,4.38272643965065
"Unemployment, total (% of total labor force) (modeled ILO estimate)",SL.UEM.TOTL.ZS,Euro area,EMU,8.31721718313706,8.9295607186825,10.6900899017753,11.7369455914828,11.4184706063119,11.6237217720969,11.6419654851093,11.2045752544234,9.0208405343962,9.28985762130963,9.14955743402771,8.42908540808872,7.53678965173941,7.54387898457331,9.63276496031515,10.1735036090983,10.2589409954022,10.033463178174,9.06984529942784,8.15855629448959,7.51936142254261,7.82955559700518
"Unemployment, total (% of total labor force) (modeled ILO estimate)",SL.UEM.TOTL.ZS,Europe & Central Asia,ECS,6.88775531511316,7.49470977836801,8.65485924634432,9.64971931139526,9.93006411860132,10.2662712000885,10.5231039621073,10.6914741670305,9.11002365789452,9.04883693016551,8.71915129217189,8.1528495787367,7.23096763684341,7.16220455678739,9.05843891845681,9.11862363914561,8.85621943906051,8.09153564743006,7.49861937182979,6.89846651939412,6.6450735805812,7.11300236808992
"Unemployment, total (% of total labor force) (modeled ILO estimate)",SL.UEM.TOTL.ZS,Europe & Central Asia (excluding high income),ECA,4.44287892433259,5.21097173523188,5.89729410212216,7.1320955291035,8.54698807779296,9.93804963169598,10.1064955654502,11.0080274252343,10.2782186342322,10.1062398812308,9.57056994537054,9.0830267439186,8.55021046052096,8.55147985690813,10.1898182867484,9.55793535586369,8.915331955385,9.09240567215625,8.99150281379039,8.66113165745193,9.16445030301045,9.31638724518223
"Unemployment, total (% of total labor force) (modeled ILO estimate)",SL.UEM.TOTL.ZS,Europe & Central Asia (IDA & IBRD countries),TEC,5.88516272026417,6.35082862580249,7.02964263363322,8.39768970039692,9.38716990370413,9.97942478649557,10.648314711627,11.4911681190221,10.2946380818144,9.94923352336291,9.29208362545358,8.66814807340215,7.56763449504919,7.37099265588776,9.10456034631184,8.68768383545242,8.12135370910361,7.47528124356917,7.12618120692174,6.68712190975064,6.74270634130925,7.24296562458962
"Unemployment, total (% of total labor force) (modeled ILO estimate)",SL.UEM.TOTL.ZS,European Union,EUU,8.58763776597261,9.23724014256356,10.8578041270804,11.5487582472721,11.1089008967871,11.1430361327697,10.9626535174364,10.5276504397723,9.70354629905559,9.85574243526537,9.6314812794868,8.68652334151983,7.50180506167496,7.24140110289056,9.21098128007764,9.8727209377786,9.92759950838198,9.10766131721785,8.13407491332889,7.25592359475734,6.68857556375924,7.05350210339032
"Unemployment, total (% of total labor force) (modeled ILO estimate)",SL.UEM.TOTL.ZS,Fragile and conflict affected situations,FCS,4.5095015914307,4.46040064545176,4.48511360325192,4.58179010647638,5.06432164614079,5.32945828196112,5.42842092170189,5.67145415997568,5.64180971833322,5.48617912534708,5.17532128815233,5.04106352666451,4.96680136077522,5.00330426897512,5.05816095420724,5.13393632566262,5.17980481339294,5.61701548557091,5.83065194153996,5.82973963441826,5.87910736649221,6.65180755643263
"Unemployment, total (% of total labor force) (modeled ILO estimate)",SL.UEM.TOTL.ZS,Heavily indebted poor countries (HIPC),HPC,5.11956826825244,5.22404122059886,5.21990582085918,5.16247929005649,4.9902125673928,4.96491454854859,4.90294026855075,4.9664348658401,4.99978241919788,4.85956399044133,4.69477294260221,4.60600204258665,4.5512927797348,4.53294980065855,4.57426523463948,4.78976425103905,4.74938707940846,4.37144771498706,4.38423696813415,4.3509884503825,4.35891138556294,5.08466986799381
"Unemployment, total (% of total labor force) (modeled ILO estimate)",SL.UEM.TOTL.ZS,High income,HIC,6.57981117181391,7.0743716964588,7.65353065101961,7.91590926789787,7.72204841120156,7.73656404442503,7.74455880587626,7.81459688748513,7.31873931664832,7.09446738264512,6.78022211613031,6.3003880425585,5.69359591718748,5.93042073257136,8.03805524754817,8.17567133611385,7.80704849964703,6.10566563882337,5.57659079161592,5.0821060138216,4.76301804309757,6.46161477782732
"Unemployment, total (% of total labor force) (modeled ILO estimate)",SL.UEM.TOTL.ZS,IBRD only,IBD,4.97525000634257,5.03662437383886,5.26619682672302,5.63926109940513,5.95783676916459,6.04951039496404,6.16295846231937,6.39420630137524,6.9971889965357,6.83290388467106,6.75346798322029,6.52808507480571,6.34227162110407,6.31796376394052,6.63425354680695,6.39002749580693,6.27930588236174,6.42558212774185,6.40289479561795,6.29431568570959,6.08076559371565,6.97213821285169
"Unemployment, total (% of total labor force) (modeled ILO estimate)",SL.UEM.TOTL.ZS,IDA & IBRD total,IBT,4.82485809355167,4.88353235871948,5.08729851309731,5.39726837516553,5.64787695367997,5.7262491402393,5.81225728479811,6.01309191553187,6.48936010288448,6.33249459112751,6.24361042096154,6.02685240430217,5.86969397610107,5.86055207241041,6.12041508143813,5.90445607325616,5.81915504047038,5.96562037853441,5.98894155490917,5.92443981099155,5.7830175614532,6.6438211420864
"Unemployment, total (% of total labor force) (modeled ILO estimate)",SL.UEM.TOTL.ZS,IDA blend,IDB,3.25007218685371,3.31801481874556,3.54042458720673,3.67647966322426,3.72011652287396,3.84144131009186,3.82059253607727,3.949375716785,3.4598257877624,3.30601942667226,3.24788003665024,3.15103963611934,3.02212277890581,3.05091706507754,3.10443697601357,3.15075868914399,3.2001076424385,3.73220096434547,4.35036064625553,4.75853025423067,5.07726731486215,5.8479266368036
"Unemployment, total (% of total labor force) (modeled ILO estimate)",SL.UEM.TOTL.ZS,IDA only,IDX,4.55465160954522,4.60260604186334,4.62916363020761,4.60664801288195,4.5127057127767,4.51066658854428,4.49546770296826,4.5578570313245,4.87242794277145,4.79011193026394,4.65201012791298,4.46352223978517,4.50885950209726,4.61717966516759,4.70186635633499,4.56611206743664,4.59514473940938,4.68946609332404,4.66530360307427,4.60604470067005,4.61871804976572,5.42444214786479
"Unemployment, total (% of total labor force) (modeled ILO estimate)",SL.UEM.TOTL.ZS,IDA total,IDA,4.10807039624798,4.16210123816829,4.25632659767863,4.2879312080958,4.24155724593795,4.28056714936036,4.26209825380302,4.3474823825126,4.37881771014038,4.2705304394433,4.16028760037333,4.00351816054756,3.98627700895223,4.0650109547676,4.13694636655913,4.06419605108701,4.10062761471476,4.34425658266458,4.55217864686985,4.66056541533335,4.78267538138002,5.57685316149891
"Unemployment, total (% of total labor force) (modeled ILO estimate)",SL.UEM.TOTL.ZS,Late-demographic dividend,LTE,3.64713180152608,3.66273118059671,3.87786965365609,4.28799095699891,4.46357297742002,4.66259073242738,4.93607276958085,5.20334469526185,5.8902181874939,5.69586904075348,5.62015574834697,5.36881866209801,5.1047663227494,5.13665502190526,5.56632674579842,5.23950660656473,5.1068390846253,5.26949442012197,5.26033577429218,5.03976185510265,5.18518472054028,5.91884442746147
"Unemployment, total (% of total labor force) (modeled ILO estimate)",SL.UEM.TOTL.ZS,Latin America & Caribbean,LCN,6.3286389967294,6.31959532715042,6.08657875513374,6.69412257969285,7.92150168506335,8.30631791461415,8.15437920278586,8.50074834125122,9.26710791882219,8.75123322039467,8.23794709018145,7.61474207480055,7.22595307624675,6.83866675691087,7.81388307206222,7.21088765979969,6.70856267966967,7.72985155496638,8.02899418957499,7.93247090440124,8.000433574947,10.2142815871263
"Unemployment, total (% of total labor force) (modeled ILO estimate)",SL.UEM.TOTL.ZS,Latin America & Caribbean (excluding high income),LAC,6.04478637586893,6.15573550892611,5.95219035354473,6.50415943586595,7.82957348146463,8.07578531621202,7.96125607977478,8.37468617155637,8.82999881074147,8.37197823234649,8.05362186792351,7.49962397783838,7.17995658720799,6.77925524939317,7.76215501745444,7.13900255202872,6.62343403628948,7.89043282541356,8.21728420302436,8.06200187359744,8.0906886809704,10.2177163550783
"Unemployment, total (% of total labor force) (modeled ILO estimate)",SL.UEM.TOTL.ZS,Latin America & the Caribbean (IDA & IBRD countries),TLA,6.20290724125678,6.17702254687019,5.92716879500619,6.58303824206846,7.87040184272193,8.2833826671729,8.1385394354541,8.51891609474916,9.39491060952862,8.88137929271328,8.34427692112872,7.70840648299537,7.31182267651702,6.9150729963141,7.89307673077,7.2528256939654,6.72806886463518,7.81136575474109,8.12755696513525,8.03324720484733,8.10424349109534,10.3522494542699
"Unemployment, total (% of total labor force) (modeled ILO estimate)",SL.UEM.TOTL.ZS,Least developed countries: UN classification,LDC,4.55184954799942,4.60568742147814,4.62350308295004,4.59677653243802,4.50340025633564,4.47680391314183,4.47214401259656,4.55075779306408,4.89718421087389,4.85500517442508,4.7933419733345,4.67780142276993,4.7385150814532,4.79588302722657,4.88648869121684,4.76194435567874,4.86193896689137,4.90683769238846,4.96947310302949,4.8870235507301,4.88614655379023,5.63912879862034
"Unemployment, total (% of total labor force) (modeled ILO estimate)",SL.UEM.TOTL.ZS,Low & middle income,LMY,4.66612076398995,4.7296058990377,4.92235424839868,5.16360100282757,5.39655566265831,5.47239634766814,5.5180150098716,5.69754680338063,6.26431456051983,6.13534858862573,6.10664440000856,5.92741307116865,5.84477719601267,5.85753182553362,6.04700312899165,5.83764436485052,5.77701736158249,6.00825734757254,6.05472402925748,6.00098875251506,5.86090462453527,6.69089671508079
"Unemployment, total (% of total labor force) (modeled ILO estimate)",SL.UEM.TOTL.ZS,Low income,LIC,5.08982279694045,5.1478120355472,5.17480777171577,5.17851333022314,5.08137609154637,5.10459126384458,5.11764648543553,5.20014000344665,5.41683903061854,5.28550953574476,5.15292446811499,5.19287533220145,5.24208798170243,5.40377735317811,5.25847044478161,5.46086118515155,5.52063477912519,5.60769644263775,5.69185409454973,5.54130063651665,5.52597867853071,6.11463252536247
"Unemployment, total (% of total labor force) (modeled ILO estimate)",SL.UEM.TOTL.ZS,Lower middle income,LMC,6.07949832129435,6.09487874320769,6.21668474518991,6.17668546485214,6.15122797928774,6.06383839970385,6.11469384583908,6.11517295641349,6.19924598373454,6.10991355851228,6.06795402924219,5.94931307052811,5.8520900398569,5.89842039521188,5.95908080447012,5.82177339714005,5.90662627073566,6.04655185325662,6.13360804326532,6.12454592460654,5.63134975487558,6.67471729847601
"Unemployment, total (% of total labor force) (modeled ILO estimate)",SL.UEM.TOTL.ZS,"Middle East, North Africa, Afghanistan & Pakistan",MEA,7.97012202212345,8.07812131463939,8.53668096633965,8.53005153097424,8.75663817659201,7.97931940710841,7.78986546816594,7.87510185667833,8.30876134247652,7.55392179293235,7.65825065984446,7.22131232301538,6.81944574522502,6.58349916553751,6.71205646358504,6.85497900968114,7.23291287147858,8.07484104448856,8.52284906342449,8.54016358979852,8.33464243815053,9.21442251170227
"Unemployment, total (% of total labor force) (modeled ILO estimate)",SL.UEM.TOTL.ZS,"Middle East, North Africa, Afghanistan & Pakistan (excluding high income)",MNA,8.05066776842351,8.16424834973307,8.69620378299141,8.75863879540009,9.05014464754054,8.23391723413581,8.02197888355492,8.11782434679495,8.52899180087148,7.70124640806126,7.8494722326067,7.39103017430245,7.01719474058021,6.84316326711223,6.94556551783072,7.12093020637766,7.57824275611375,8.75509697935282,9.25655934010819,9.28717424735234,9.0686335886182,9.84929376390015
"Unemployment, total (% of total labor force) (modeled ILO estimate)",SL.UEM.TOTL.ZS,"Middle East, North Africa, Afghanistan & Pakistan (IDA & IBRD)",TMN,8.03942448788434,8.15330672799949,8.68736536190533,8.74959340122559,9.04248606651942,8.22212113757966,8.01020921527838,8.1070252200714,8.46215380807294,7.63063107105577,7.79327111184214,7.33683499171053,6.96244023677181,6.76445601841533,6.87878016649715,7.04902894071952,7.52505958378966,8.66473993207583,9.15719119395182,9.18412651966035,8.96706656274344,9.75371979626131
"Unemployment, total (% of total labor force) (modeled ILO estimate)",SL.UEM.TOTL.ZS,Middle income,MIC,4.64191402554603,4.70555139426505,4.90769832753591,5.16273029412959,5.41511637366521,5.49419885753579,5.54181419167729,5.72727268352809,6.31702175983668,6.18863858020801,6.16699303335848,5.97443584583587,5.88378519714051,5.8872966224633,6.09938671106268,5.8630492149064,5.79465778291785,6.03680687450568,6.08090305975955,6.03482715133106,5.88604740796725,6.73531873000002
"Unemployment, total (% of total labor force) (modeled ILO estimate)",SL.UEM.TOTL.ZS,North America,NAC,7.16085104908465,7.87315728585848,7.34989291267264,6.54555954314501,6.03024492508477,5.86183834660521,5.40301547573426,4.88226202925985,6.15326151532504,5.70124819512877,5.25750859640354,4.81614395081572,4.78243165759455,5.83652846325955,9.16994852137916,9.47758645184374,8.80784798616693,5.10340701910414,4.57971738602629,4.10721429919148,3.890566885067,8.23059990715153
"Unemployment, total (% of total labor force) (modeled ILO estimate)",SL.UEM.TOTL.ZS,Not classified,INX,..,..,..,..,..,..,..,..,..,..,..,..,..,..,..,..,..,..,..,..,..,..
"Unemployment, total (% of total labor force) (modeled ILO estimate)",SL.UEM.TOTL.ZS,OECD members,OED,6.78414270479512,7.26891880560992,7.76154926727535,7.83449046979209,7.60328958983041,7.54845249819128,7.25824900860572,7.22011177226418,7.27360910815385,7.17286822314695,6.82980813146614,6.34243532040212,5.88615307721628,6.20345473101714,8.37829865486612,8.51487068018885,8.11763477556162,6.4323263145077,5.91549282646415,5.47670371615499,5.38835760541211,7.15056753899193
"Unemployment, total (% of total labor force) (modeled ILO estimate)",SL.UEM.TOTL.ZS,Other small states,OSS,7.97386127413696,8.57246232840888,9.43460429257527,9.6170470742608,9.98340770598384,10.0219914735588,10.1538398208943,9.97709120478164,10.6435034690251,10.6324817354858,10.5068034923477,9.68991787099098,9.05878802820282,8.87232548956314,10.729863322166,11.1278847172681,10.5292398177405,9.70223948505676,9.25877632700963,8.75857755591488,8.32651485903715,9.92399055106642
"Unemployment, total (% of total labor force) (modeled ILO estimate)",SL.UEM.TOTL.ZS,Pacific island small states,PSS,3.89042642665223,3.88849468155863,3.9473819076677,3.91667343812621,3.99182017321935,4.02635031377061,4.16487856196602,4.26811698217978,4.51735002076316,4.34717323461528,3.84431242747139,3.81596429114785,3.76053041512131,3.66277533564379,3.60583093381717,3.50620034965321,3.44531957197195,3.37055657306124,3.36772015164207,3.27563360735952,3.21394324925117,3.17937127710219
"Unemployment, total (% of total labor force) (modeled ILO estimate)",SL.UEM.TOTL.ZS,Post-demographic dividend,PST,6.30645497853292,6.91555480227677,7.51316458861482,7.51080212175103,7.38436200831956,7.55890512144881,7.36332529136879,7.39531431509238,6.86150604984552,6.67143280696036,6.40587796091292,5.99018909455499,5.56862575688478,5.8998512918332,8.06977814854251,8.34475295912791,8.05897811947472,6.40939893395146,5.84858451769472,5.29692564326402,4.94120127549079,6.72751468148447
"Unemployment, total (% of total labor force) (modeled ILO estimate)",SL.UEM.TOTL.ZS,Pre-demographic dividend,PRE,5.35343880366293,5.39167945098861,5.45673808203558,5.42116293311088,5.30821052218628,5.19268733645266,5.09342313033355,5.07079011787487,5.05616718801451,4.97351590533429,4.94170598396397,4.91968270930922,4.87990854311306,4.87564079411637,4.90483524144252,5.09948599044902,5.15144102764935,5.02089106580963,5.28460931909098,5.35138602677923,5.42309463719319,5.96007768628016
"Unemployment, total (% of total labor force) (modeled ILO estimate)",SL.UEM.TOTL.ZS,Small states,SST,9.57210032879262,10.1578177783841,10.6785053201654,10.6176788356215,10.4964666409893,10.4105313120434,10.3547212675185,10.1039567677821,10.1514052331923,9.80196449534085,9.58944393613101,8.74190535147062,8.21151774869796,7.99929891372552,9.49045809768783,9.63635203632562,9.24744925614147,8.66529558890959,8.3160620718913,8.03500355150924,7.69114842257148,9.11283654873109
"Unemployment, total (% of total labor force) (modeled ILO estimate)",SL.UEM.TOTL.ZS,South Asia,SAS,7.31467149749349,7.31290035325642,7.32742874238053,7.22622096992128,7.18405726009443,7.13172470315583,7.18367822048628,7.20682286050122,7.37495745147481,7.33040099588789,7.24934458725831,7.16049652159206,7.20195680088499,7.31884202003306,7.38712070830336,7.18135687960395,7.18076513949419,7.24257568376138,7.24285531206769,7.27732361933033,6.29818732290556,7.61279541968533
"Unemployment, total (% of total labor force) (modeled ILO estimate)",SL.UEM.TOTL.ZS,South Asia (IDA & IBRD),TSA,7.31467149749349,7.31290035325642,7.32742874238053,7.22622096992128,7.18405726009444,7.13172470315583,7.18367822048628,7.20682286050122,7.37495745147481,7.33040099588789,7.24934458725831,7.16049652159206,7.20195680088499,7.31884202003306,7.38712070830336,7.18135687960395,7.18076513949419,7.24257568376138,7.24285531206769,7.27732361933033,6.29818732290556,7.61279541968533
"Unemployment, total (% of total labor force) (modeled ILO estimate)",SL.UEM.TOTL.ZS,Sub-Saharan Africa,SSF,6.5135503031811,6.6052009537345,6.65001756927665,6.58505362840124,6.45201167794553,6.37525754922705,6.33675160303829,6.35590091797222,6.16858501848866,6.02286521636931,5.92348756573701,5.83613435279527,5.79344921286178,5.78696446868704,5.8462403600109,5.98391462400052,5.99794499838192,5.94167376890049,6.07750640915143,6.10632797505626,6.2679212107601,6.803309525677
"Unemployment, total (% of total labor force) (modeled ILO estimate)",SL.UEM.TOTL.ZS,Sub-Saharan Africa (excluding high income),SSA,6.87869131530684,6.97329026487411,7.04125765823132,6.9855936441378,6.84658302047571,6.7490401648332,6.69449815395076,6.68799350603004,6.54075529848912,6.40673283691414,6.32974173268449,6.25225679459257,6.20867009522794,6.20706100243538,6.27933526684852,6.44517898572217,6.46674509508785,6.36651364149837,6.50236338418262,6.5114416268507,6.67205825988269,7.13766119717959
"Unemployment, total (% of total labor force) (modeled ILO estimate)",SL.UEM.TOTL.ZS,Sub-Saharan Africa (IDA & IBRD countries),TSS,6.5135503031811,6.6052009537345,6.65001756927665,6.58505362840124,6.45201167794553,6.37525754922705,6.33675160303829,6.35590091797222,6.16858501848866,6.02286521636931,5.92348756573701,5.83613435279527,5.79344921286178,5.78696446868704,5.8462403600109,5.98391462400052,5.99794499838192,5.94167376890049,6.07750640915143,6.10632797505626,6.2679212107601,6.803309525677
"Unemployment, total (% of total labor force) (modeled ILO estimate)",SL.UEM.TOTL.ZS,Upper middle income,UMC,3.76463711687699,3.84766257345218,4.08701140580403,4.51968070601275,4.94181075079208,5.12155650777844,5.16191154826567,5.46643118319712,6.40068054485477,6.24500357617461,6.23848654754416,5.99262577931222,5.90682246763494,5.87916265936897,6.20265842970416,5.89375275942558,5.71091985300801,6.02909855160648,6.0387822689964,5.96235478547575,6.09392060484926,6.78616332630105
"Unemployment, total (% of total labor force) (modeled ILO estimate)",SL.UEM.TOTL.ZS,World,WLD,5.13377952912624,5.29010950422846,5.55969439262019,5.80049888718587,5.93004401353698,5.99253885959213,6.02239064914071,6.17097447113532,6.49552474826159,6.33762684871413,6.22716961910876,5.97627855172262,5.77755042637603,5.83235587932696,6.4196954524381,6.28651108706876,6.15719558247294,5.97765543990036,5.90657632896476,5.76845978834775,5.59856226082904,6.60920674389592
,,,,,,,,,,,,,,,,,,,,,,,,,
,,,,,,,,,,,,,,,,,,,,,,,,,
,,,,,,,,,,,,,,,,,,,,,,,,,
Data from database: World Development Indicators,,,,,,,,,,,,,,,,,,,,,,,,,
Last Updated: 07/01/2025,,,,,,,,,,,,,,,,,,,,,,,,,
